Serial No.,Stocks allowed for MIS,Margin allowed,,Serial No.,Stocks not allowed for MIS,,Serial No.,Stocks which were allowed but temporarily banned,Reason
1,3MINDIA:EQ,3X,,1,21STCENMGM,,,,
2,AARTIIND:EQ,3X,,2,3IINFOTECH,,,,
3,ABB:EQ,3X,,3,5PAISA,,,,
4,ABFRL:EQ,3X,,4,8KMILES,,,,
5,ACC:EQ,12.5X,,5,A2ZINFRA,,,,
6,ACE:EQ,3X,,6,AANCHALISP,,,,
7,ADANIENT:EQ,5X,,7,AARVEEDEN,,,,
8,ADANIPORTS:EQ,5X,,8,ABAN,,,,
9,ADANIPOWER:EQ,5X,,9,ABCBEARS,,,,
10,AIAENG:EQ,3X,,10,ABGSHIP,,,,
11,AJANTPHARM:EQ,12.5X,,11,ABSLNN50ET,,,,
12,AKZOINDIA:EQ,3X,,12,ACIASIA,,,,
13,ALBK:EQ,11X,,13,ACKNIT,,,,
14,ALKEM:EQ,3X,,14,ADANIGAS,,,,
15,ALLCARGO:EQ,3X,,15,ADANIGREEN,,,,
16,AMARAJABAT:EQ,12.5X,,16,ADANITRANS,,,,
17,AMBUJACEM:EQ,12.5X,,17,ADFFOODS,,,,
18,ANANTRAJ:EQ,3X,,18,ADHUNIK,,,,
19,APOLLOHOSP:EQ,5X,,19,ADHUNIKIND,,,,
20,APOLLOTYRE:EQ,12.5X,,20,ADLABS,,,,
21,ARVIND:EQ,12.5X,,21,ADORWELD,,,,
22,ASAHIINDIA:EQ,3X,,22,ADSL,,,,
23,ASHOKLEY:EQ,12.5X,,23,ADVENZYMES,,,,
24,ASIANPAINT:EQ,12.5X,,24,AGARIND,,,,
25,ASTRAZEN:EQ,3X,,25,AGCNET,,,,
26,ATFL:EQ,3X,,26,AGIIL,,,,
27,ATUL:EQ,3X,,27,AGRITECH,,,,
28,AUBANK:EQ,3X,,28,AHLWEST,,,,
29,AUROPHARMA:EQ,12.5X,,29,AIMCOPEST,,,,
30,AUTOAXLES:EQ,3X,,30,AKSCHEM,,,,
31,AVANTIFEED:EQ,3X,,31,ALANKIT,,,,
32,AXISBANK:EQ,12.5X,,32,ALBERTDAVD,,,,
33,BAJAJ-AUTO:EQ,12.5X,,33,ALCHEM,,,,
34,BAJAJELEC:EQ,3X,,34,ALKALI,,,,
35,BAJAJFINSV:EQ,12.5X,,35,ALLSEC,,,,
36,BAJAJHLDNG:EQ,3X,,36,ALMONDZ,,,,
37,BAJFINANCE:EQ,12.5X,,37,ALOKTEXT,,,,
38,BALKRISIND:EQ,12.5X,,38,ALPA,,,,
39,BALRAMCHIN:EQ,3X,,39,ALPHAGEO,,,,
40,BANCOINDIA:EQ,3X,,40,ALPSINDUS,,,,
41,BANKBARODA:EQ,12.5X,,41,ALUFLUOR,,,,
42,BANKBEES:EQ,10X,,42,AMAL,,,,
43,BANKINDIA:EQ,3X,,43,AMBIKCO,,,,
44,BATAINDIA:EQ,12.5X,,44,AMDIND,,,,
45,BBTC:EQ,3X,,45,AMRITCORP,,,,
46,BEL:EQ,12.5X,,46,AMRUTANJAN,,,,
47,BEML:EQ,12.5X,,47,AMTEKAUTO,,,,
48,BERGEPAINT:EQ,12.5X,,48,AMTL,,,,
49,BFUTILITIE:EQ,3X,,49,ANDHRACEMT,,,,
50,BHARATFIN:EQ,12.5X,,50,ANDHRAPET,,,,
51,BHARATFORG:EQ,12.5X,,51,ANGIND,,,,
52,BHARTIARTL:EQ,5X,,52,ANIKINDS,,,,
53,BHEL:EQ,5X,,53,ANKITMETAL,,,,
54,BIOCON:EQ,12.5X,,54,ANSALAPI,,,,
55,BLISSGVS:EQ,3X,,55,ANSALBU,,,,
56,BLKASHYAP:EQ,3X,,56,ANSALHSG,,,,
57,BLUEDART:EQ,3X,,57,ANSHNCO,,,,
58,BOSCHLTD:EQ,12.5X,,58,ANSLAPI,,,,
59,BPCL:EQ,12.5X,,59,ANTGRAPHIC,,,,
60,BRITANNIA:EQ,12.5X,,60,APCL,,,,
61,BSE:EQ,3X,,61,APEX,,,,
62,CADILAHC:EQ,12.5X,,62,APLLTD,,,,
63,CAMLINFINE:EQ,3X,,63,APOLLO,,,,
64,CANBK:EQ,12.5X,,64,APOLSINHOT,,,,
65,CANFINHOME:EQ,11.1X,,65,APTECHT,,,,
66,CAPACITE:EQ,3X,,66,ARCHIDPLY,,,,
67,CASTROLIND:EQ,12.5X,,67,ARCHIES,,,,
68,CDSL:EQ,3X,,68,ARCOTECH,,,,
69,CEATLTD:EQ,12.5X,,69,AREALTY,,,,
70,CENTRUM:EQ,3X,,70,AREYDRG,,,,
71,CENTURYPLY:EQ,3X,,71,ARIES,,,,
72,CENTURYTEX:EQ,12.5X,,72,ARIHANT,,,,
73,CEREBRAINT:EQ,3X,,73,ARIHCAPM,,,,
74,CESC:EQ,12.5X,,74,ARMANFIN,,,,
75,CGCL:EQ,3X,,75,ARNAVCORP,,,,
76,CGPOWER:EQ,5X,,76,AROGRANITE,,,,
77,CHENNPETRO:EQ,12.5X,,77,ARROWCOAT,,,,
78,CHOLAFIN:EQ,12.5X,,78,ARROWGREEN,,,,
79,CIPLA:EQ,12.5X,,79,ARROWTEX,,,,
80,CNOVAPETRO:EQ,3X,,80,ARSHIYA,,,,
81,COALINDIA:EQ,12.5X,,81,ARSSINFRA,,,,
82,COCHINSHIP:EQ,3X,,82,ARVINDFASN,,,,
83,COFFEEDAY:EQ,3X,,83,ARVINDREM,,,,
84,COLPAL:EQ,12.5X,,84,ARVINFRA,,,,
85,CONCOR:EQ,12.5X,,85,ASAHISONG,,,,
86,COROMANDEL:EQ,3X,,86,ASAL,,,,
87,COX&KINGS:EQ,3X,,87,ASHAPURMIN,,,,
88,CRISIL:EQ,3X,,88,ASHIANA,,,,
89,CROMPTON:EQ,3X,,89,ASIANOI,,,,
90,CUB:EQ,3X,,90,ASIANTILES,,,,
91,CUMMINSIND:EQ,12.5X,,91,ASSAMCO,,,,
92,CYIENT:EQ,3X,,92,ASSOSTNB,,,,
93,DAAWAT:EQ,3X,,93,ATHARVENT,,,,
94,DABUR:EQ,12.5X,,94,ATISHAY,,,,
95,DALMIASUG:EQ,3X,,95,ATLANTA,,,,
96,DBCORP:EQ,3X,,96,ATLASCYCLE,,,,
97,DCBBANK:EQ,12.5X,,97,ATNINTER,,,,
98,DCMSHRIRAM:EQ,3X,,98,ATULAUTO,,,,
99,DEN:EQ,3X,,99,AURIONPRO,,,,
100,DHAMPURSUG:EQ,3X,,100,AUSOMENT,,,,
101,DHFL:EQ,4X,,101,AUSTRAL,,,,
102,DIAMONDYD:EQ,3X,,102,AUTOLITIND,,,,
103,DISHTV:EQ,3X,,103,AVADHSUGAR,,,,
104,DIVISLAB:EQ,8.3X,,104,AXISAEDGG,,,,
105,DIXON:EQ,3X,,105,AXISCADES,,,,
106,DLF:EQ,8.3X,,106,AXISCAP,,,,
107,DMART:EQ,3X,,107,AXTEL,,,,
108,DREDGECORP:EQ,3X,,108,BAFNAPHARM,,,,
109,DRREDDY:EQ,5X,,109,BAGFILMS,,,,
110,ECLERX:EQ,3X,,110,BAJAJHIND,,,,
111,EICHERMOT:EQ,12.5X,,111,BALASORE,,,,
112,EIDPARRY:EQ,3X,,112,BALAXI,,,,
113,EIHOTEL:EQ,3X,,113,BALPHARMA,,,,
114,ELECTCAST:EQ,3X,,114,BANARBEDS,,,,
115,EMAMILTD:EQ,3X,,115,BANG,,,,
116,ENDURANCE:EQ,3X,,116,BARTRONICS,,,,
117,ENGINERSIN:EQ,12.5X,,117,BASF,,,,
118,EQUITAS:EQ,5.6X,,118,BBL,,,,
119,ERIS:EQ,3X,,119,BCL,,,,
120,EROSMEDIA:EQ,3X,,120,BCPAL,,,,
121,ESCORTS:EQ,12.5X,,121,BEARDSELL,,,,
122,ESTER:EQ,3X,,122,BEDMUTHA,,,,
123,EXIDEIND:EQ,12.5X,,123,BEPL,,,,
124,FEDERALBNK:EQ,12.5X,,124,BERLDRG,,,,
125,FEL:EQ,3X,,125,BESTSTEEL,,,,
126,FINCABLES:EQ,3X,,126,BF Utilities,,,,
127,FORTIS:EQ,3X,,127,BFINVEST,,,,
128,FRETAIL:EQ,3X,,128,BGRENERGY,,,,
129,GAIL:EQ,12.5X,,129,BHAGERIA,,,,
130,GATI:EQ,3X,,130,BHAGYANGR,,,,
131,GDL:EQ,3X,,131,BHAGYNAGAR,,,,
132,GEPIL:EQ,3X,,132,BHANDARI,,,,
133,GESHIP:EQ,3X,,134,BHANDHOS,,,,
134,GET&D:EQ,3X,,135,BHARATGEAR,,,,
135,GHCL:EQ,3X,,136,BHARATIDIL,,,,
136,GICHSGFIN:EQ,3X,,137,BHARATWIRE,,,,
137,GICRE:EQ,3X,,138,BIBCL,,,,
138,GILLETTE:EQ,3X,,139,BILENERGY,,,,
139,GLAXO:EQ,3X,,140,BINANIIND,,,,
140,GLENMARK:EQ,12.5X,,141,BINNY,,,,
141,GLOBUSSPR:EQ,3X,,142,BINNYMILLS,,,,
142,GMBREW:EQ,3X,,143,BIOPAC,,,,
143,GMRINFRA:EQ,5X,,144,BIRLACOT,,,,
144,GNA:EQ,3X,,145,BIRLAMONEY,,,,
145,GNFC:EQ,3X,,146,BITL,,,,
146,GODFRYPHLP:EQ,12.5X,,147,BLBLIMITED,,,,
147,GODREJAGRO:EQ,3X,,148,BLOOM,,,,
148,GODREJCP:EQ,12.5X,,149,BLS,,,,
149,GODREJIND:EQ,12.5X,,150,BLUBLND-B,,,,
150,GODREJPROP:EQ,3X,,151,BLUEBLENDS,,,,
151,GOLDBEES:EQ,10X,,152,BLUECHIP,,,,
152,GPPL:EQ,3X,,153,BLUECOAST,,,,
153,GRANULES:EQ,3X,,154,BODHTREE,,,,
154,GRASIM:EQ,12.5X,,155,BOMDYEING,,,,
155,GREAVESCOT:EQ,3X,,156,BOROSIL,,,,
156,GSFC:EQ,12.5X,,157,BPL,,,,
157,GSKCONS:EQ,3X,,158,BRAHMINFRA,,,,
158,GSPL:EQ,3X,,159,BRFL,,,,
159,GUJALKALI:EQ,3X,,160,BRNL,,,,
160,GUJFLUORO:EQ,3X,,161,BROOKS,,,,
161,GUJGASLTD:EQ,3X,,162,BSELINFRA,,,,
162,HATHWAY:EQ,3X,,163,BSL,,,,
163,HAVELLS:EQ,12.5X,,164,BSLIMITED,,,,
164,HBLPOWER:EQ,3X,,165,BURNPUR,,,,
165,HCL-INSYS:EQ,3X,,166,BUTTERFLY,,,,
166,HCLTECH:EQ,12.5X,,167,BVCL,,,,
167,HDFC:EQ,12.5X,,168,CALSOFT,,,,
168,HDFCAMC:EQ,3X,,169,CALSREF,,,,
169,HDFCBANK:EQ,12.5X,,170,CAMPHOR,,,,
170,HEIDELBERG:EQ,3X,,171,CANDC,,,,
171,HDFCLIFE:EQ,3X,,172,CANTABIL,,,,
172,HEROMOTOCO:EQ,12.5X,,173,CAPLIPOINT,,,,
173,HEXAWARE:EQ,12.5X,,174,CAPTRUST,,,,
174,HGS:EQ,3X,,175,CAREERP,,,,
175,HIKAL:EQ,3X,,176,CASTEXTECH,,,,
176,HINDALCO:EQ,12.5X,,177,CCCL,,,,
177,HINDCOPPER:EQ,3X,,178,CCHHL,,,,
178,HINDPETRO:EQ,9X,,179,CEBBCO,,,,
179,HINDUNILVR:EQ,12.5X,,180,CELEBRITY,,,,
180,HINDZINC:EQ,12.5X,,181,CELESTIAL,,,,
181,HONAUT:EQ,3X,,182,CENLUB,,,,
182,HSCL:EQ,3X,,183,CENTEXT,,,,
183,HSIL:EQ,3X,,184,CHAMANS,,,,
184,HUDCO:EQ,3X,,185,CHANDNI,,,,
185,IBULHSGFIN:EQ,6.3X,,186,CHEMFABALKA,,,,
186,ICICIBANK:EQ,12.5X,,187,CHEMFALKAL-E,,,,
187,ICICIGI:EQ,3X,,188,CHEVIOT,,,,
188,ICICINIFTY:EQ,3X,,189,CHROMATIC,,,,
189,ICICIPRULI:EQ,9.1X,,190,CIGNITITEC,,,,
190,IDBI:EQ,12.5X,,191,CIMMCO,,,,
191,IDEA:EQ,5X,,192,CINELINE,,,,
192,IDFC:EQ,12.5X,,193,CINEVISTA,,,,
193,IDFCFIRSTB:EQ,12.5X,,194,CLARIS,,,,
194,IEX:EQ,3X,,195,CMAHENDRA,,,,
195,IFCI:EQ,12.5X,,196,COMCL,,,,
196,IGL:EQ,12.5X,,197,COMMEXTECH,,,,
197,INDHOTEL:EQ,3X,,198,COMPEAU,,,,
198,INDIACEM:EQ,12.5X,,199,COMPINFO,,,,
199,INDIANB:EQ,11X,,200,COMPUAGE,,,,
200,INDIGO:EQ,10X,,201,COMPUSOFT,,,,
201,INDUSINDBK:EQ,12.5X,,202,CONART,,,,
202,INFIBEAM:EQ,2.6X,,203,CORALFINAC,,,,
203,INFRATEL:EQ,12.5X,,204,CORPBANK,,,,
204,INFY:EQ,12.5X,,205,COSBOARD,,,,
205,INOXLEISUR:EQ,3X,,206,COSMOFE,,,,
206,INOXWIND:EQ,3X,,207,COSYN,,,,
207,INTELLECT:EQ,3X,,208,COUNCODOSGTL,,,,
208,IOB:EQ,3X,,209,CRANESSOFT,,,,
209,IOC:EQ,8.3X,,210,CRAVATEX,,,,
210,IPCALAB:EQ,3X,,211,CREST,,,,
211,IRB:EQ,11X,,212,CSLFINANCE,,,,
212,ITC:EQ,12.5X,,213,CTE,,,,
213,ITDCEM:EQ,3X,,214,CTL,,,,
214,JAGRAN:EQ,3X,,215,CUBEXTUB,,,,
215,JAICORPLTD:EQ,3X,,216,CUPIC,,,,
216,JAMNAAUTO:EQ,3X,,217,CYBERMEDIA,,,,
217,JAYAGROGN:EQ,3X,,218,CYBERTECH,,,,
218,JAYSREETEA:EQ,3X,,219,DBL,,,,
219,JETAIRWAYS:EQ,5.9X,,220,DCM,,,,
220,JINDALSTEL:EQ,11X,,221,DCW,,,,
221,JINDWORLD:EQ,3X,,222,DECNGOLD,,,,
222,JISLJALEQS:EQ,11X,,223,DELTACORP,,,,
223,JKCEMENT:EQ,3X,,224,DELTAMAGNT,,,,
224,JKPAPER:EQ,3X,,225,DENABANK,,,,
225,JKTYRE:EQ,3X,,226,DENORA,,,,
226,JMFINANCIL:EQ,3X,,227,DFMFOODS,,,,
227,JPASSOCIAT:EQ,5X,,228,DHARSUGAR,,,,
228,JSLHISAR:EQ,3X,,229,DHPIND,,,,
229,JSWENERGY:EQ,3X,,230,DHUNINV,,,,
230,JSWSTEEL:EQ,12.5X,,231,DIAPOWER,,,,
231,JUBILANT:EQ,3X,,232,DICIND,,,,
232,JUBLFOOD:EQ,5X,,233,DIGJAM,,,,
233,JUSTDIAL:EQ,10X,,234,DIGJAMLTD,,,,
234,JYOTHYLAB:EQ,3X,,235,DISHMAN,,,,
235,KAJARIACER:EQ,12.5X,,236,DNAMEDIA,,,,
236,KALPATPOWR:EQ,3X,,237,DOLPHINOFF,,,,
237,KANSAINER:EQ,3X,,238,DONEAR,,,,
238,KARURVYSYA:EQ,3X,,239,DQE,,,,
239,KEC:EQ,3X,,240,DSKULKARNI,,,,
240,KEI:EQ,3X,,241,DSSL,,,,
241,KILITCH:EQ,3X,,242,DUCON,,,,
242,KIRIINDUS:EQ,3X,,243,DUKEOFS,,,,
243,KOTAKBANK:EQ,12.5X,,244,DYNAMATECH,,,,
244,KOTAKNIFTY:EQ,3X,,245,DYNATECH,,,,
245,KPIT:EQ,5X,,246,EASTRED,,,,
246,KSCL:EQ,5X,,247,EASTSILK,,,,
247,KTKBANK:EQ,12.5X,,248,EASUNREYRL,,,,
248,L&TFH:EQ,11X,,249,ECEIND,,,,
249,LALPATHLAB:EQ,3X,,250,EDELWEISS,,,,
250,LIBERTSHOE:EQ,3X,,251,EDL,,,,
251,LICHSGFIN:EQ,12.5X,,252,EDUCOMP,,,,
252,LINCOLN:EQ,3X,,253,EIHAHOTELS,,,,
253,LIQUIDBEES:EQ,10X,,254,EIMCOELECO,,,,
254,LOVABLE:EQ,3X,,255,EKC,,,,
255,LT:EQ,12.5X,,256,ELDERPHARM,,,,
256,LUPIN:EQ,12.5X,,257,ELDERPHARM-BZ,,,,
257,M&M:EQ,12.5X,,258,ELECTHERM,,,,
258,M&MFIN:EQ,12.5X,,259,EMAMIINFRA,,,,
259,M50:EQ,3X,,260,EMCO,,,,
260,MAGMA:EQ,3X,,261,EMKAY,,,,
261,MAHINDCIE:EQ,3X,,262,EMMBI,,,,
262,MAHLOG:EQ,3X,,263,ENERGYDEV,,,,
263,MAHSEAMLES:EQ,3X,,264,EON,,,,
264,MAJESCO:EQ,3X,,265,EQ30,,,,
265,MANALIPETC:EQ,3X,,266,ESABINDIA,,,,
266,MANAPPURAM:EQ,12.5X,,267,ESL,,,,
267,MANGTIMBER:EQ,3X,,268,ESSARSHPNG,,,,
268,MANINDS:EQ,3X,,269,EUROCERA,,,,
269,MANINFRA:EQ,3X,,270,EUROTEXIND,,,,
270,MARICO:EQ,12.5X,,271,EVERESTIND,,,,
271,MARKSANS:EQ,3X,,272,EVERONN,,,,
272,MARUTI:EQ,12.5X,,273,EXCEL,,,,
273,MASFIN:EQ,3X,,274,EXCELINDUS,,,,
274,MASTEK:EQ,3X,,275,FACT,,,,
275,MCDOWELL-N:EQ,12.5X,,276,FAIRCHEM,,,,
276,MCX:EQ,12.5X,,277,FARMAXIND,,,,
277,MEGH:EQ,3X,,278,FAZE3Q,,,,
278,MFSL:EQ,12.5X,,279,FCL,,,,
279,MGL:EQ,12.5X,,280,FCSSOFT,,,,
280,MIDHANI:EQ,3X,,281,FEDDERELEC,,,,
281,MINDACORP:EQ,3X,,282,FERROALL,,,,
282,MINDAIND:EQ,3X,,283,FGP,,,,
283,MINDTREE:EQ,12.5X,,284,FILATEX,,,,
284,MMTC:EQ,3X,,285,FLEXITUFF,,,,
285,MOIL:EQ,3X,,286,FMGOETZE,,,,
286,MOLDTKPAC:EQ,3X,,287,FMNL,,,,
287,MOREPENLAB:EQ,3X,,288,FORBESCO,,,,
288,MOTHERSUMI:EQ,12.5X,,289,FORCEMOT,,,,
289,MPHASIS:EQ,3X,,290,FORTISMLR,,,,
290,MRF:EQ,12.5X,,291,FOSECOIND,,,,
291,MRPL:EQ,12.5X,,292,FRONT,,,,
292,MUKANDLTD:EQ,3X,,293,FRONTSP,,,,
293,MUNJALAU:EQ,3X,,294,FRSHTRP,,,,
294,MUTHOOTFIN:EQ,12.5X,,295,FUNNY,,,,
295,NATCOPHARM:EQ,3X,,296,GAL,,,,
296,NATIONALUM:EQ,12.5X,,297,GALLANTT,,,,
297,NAUKRI:EQ,3X,,298,GALLISPAT,,,,
298,NAVINFLUOR:EQ,3X,,299,GALXBRG,,,,
299,NAVNETEDUL:EQ,3X,,300,GAMMNINFRA,,,,
300,NBCC:EQ,12.5X,,301,GAMMONIDA,,,,
301,NCC:EQ,12.5X,,302,GAMMONIND,,,,
302,NESTLEIND:EQ,12.5X,,303,GANGESSECU,,,,
303,NETWORK18:EQ,3X,,304,GAYATRI,,,,
304,NFL:EQ,3X,,305,GEECEE,,,,
305,NH:EQ,3X,,306,GEMINI,,,,
306,NHPC:EQ,12.5X,,307,GENESYS,,,,
307,NIACL:EQ,3X,,308,GENNEX,,,,
308,NIFTYBEES:EQ,10X,,309,GENUSPAPER,,,,
309,NIITTECH:EQ,12.5X,,310,GILLANDERS,,,,
310,NLCINDIA:EQ,3X,,311,GINNIFILA,,,,
311,NMDC:EQ,12.5X,,312,GITANJALI,,,,
312,NOCIL:EQ,3X,,313,GKB,,,,
313,NRBBEARING:EQ,3X,,314,GKWLIMITED,,,,
314,NTPC:EQ,12.5X,,315,GLOBALVECT,,,,
315,OBEROIRLTY:EQ,3X,,316,GLOBOFFS,,,,
316,OFSS:EQ,12.5X,,317,GOACARBON,,,,
317,OIL:EQ,12.5X,,318,GOKEX,,,,
318,OMAXE:EQ,3X,,319,GOKUL,,,,
319,ONGC:EQ,12.5X,,320,GOKULAGRO,,,,
320,ORIENTBANK:EQ,12.5X,,321,GOLDENGOEN,,,,
321,ORIENTCEM:EQ,3X,,322,GOLDENTOBC,,,,
322,PAGEIND:EQ,12.5X,,323,GOLDIAM,,,,
323,PAPERPROD:EQ,3X,,324,GOLDINFRA,,,,
324,PARAGMILK:EQ,3X,,325,GOLDTECH,,,,
325,PATELENG:EQ,3X,,326,GOVINDRU,,,,
326,PCJEWELLER:EQ,7.1X,,327,GPIL,,,,
327,PEL:EQ,12.5X,,328,GPTINFRA,,,,
328,PERSISTENT:EQ,3X,,329,GRAPHITE,,,,
329,PETRONET:EQ,12.5X,,330,GRAVITA,,,,
330,PFC:EQ,11X,,331,GREENPOWER,,,,
331,PFIZER:EQ,3X,,332,GROBTEA,,,,
332,PGHH:EQ,3X,,333,GRUH,,,,
333,PHILIPCARB:EQ,3X,,334,GSCLCEMENT,,,,
334,PHOENIXLTD:EQ,3X,,335,GSS,,,,
335,PIDILITIND:EQ,12.5X,,336,GTLINFRA,,,,
336,PIIND:EQ,3X,,337,GTNIND,,,,
337,PNB:EQ,12.5X,,338,GTNTEX,,,,
338,PNBGILTS:EQ,3X,,339,GTOFFSHORE,,,,
339,PNBHOUSING:EQ,3X,,340,GTPL,,,,
340,POLYPLEX:EQ,3X,,341,GUFICBIO,,,,
341,POWERGRID:EQ,12.5X,,342,GUJAPOLLO,,,,
342,PRAJIND:EQ,3X,,343,GUJBOROS,,,,
343,PRESTIGE:EQ,3X,,344,GUJNRECOKE,,,,
344,PTC:EQ,12.5X,,345,GUJNREDVR,,,,
345,PURVA:EQ,3X,,346,GVKPIL,,,,
346,PVR:EQ,12.5X,,347,HANUNG,,,,
347,QUICKHEAL:EQ,3X,,348,HARITASEAT,,,,
348,RADICO:EQ,3X,,349,HARRMALAYA,,,,
349,RADIOCITY:EQ,3X,,350,HATSUN,,,,
350,RAJESHEXPO:EQ,3X,,351,HBSTOCK,,,,
351,RALLIS:EQ,3X,,352,HCC,,,,
352,RAMCOCEM:EQ,12.5X,,353,HCIL,,,,
353,RAMCOIND:EQ,3X,,354,HDIL,,,,
354,RAMKY:EQ,3X,,355,HEG,,,,
355,RAYMOND:EQ,12.5X,,356,HELIOSMATH,,,,
356,RBLBANK:EQ,12.5X,,357,HERCULES,,,,
357,RCF:EQ,3X,,358,HESTERBIO,,,,
358,RECLTD:EQ,12.5X,,359,HEXATRADEX,,,,
359,RELAXO:EQ,3X,,360,HFCL,,,,
360,RELCAPITAL:EQ,5X,,361,HIGHGROUND,,,,
361,RELIANCE:EQ,12.5X,,362,HIL,,,,
362,RELINFRA:EQ,5X,,363,HILTON,,,,
363,REPCOHOME:EQ,11X,,364,HIMIN,,,,
364,RICOAUTO:EQ,3X,,365,HINDADH,,,,
365,RIIL:EQ,3X,,366,HINDCOMPOS,,,,
366,RKFORGE:EQ,3X,,367,HINDDORROL,,,,
367,RPOWER:EQ,5X,,368,HINDNATGLS,,,,
368,SAIL:EQ,12.5X,,369,HINDSYNTEX,,,,
369,SAKUMA:EQ,3X,,370,HIRECT,,,,
370,SALASAR:EQ,3X,,371,HISARMETAL,,,,
371,SALZERELEC:EQ,3X,,372,HITECHCORP,,,,
372,SANGHIIND:EQ,3X,,373,HITECHGEAR,,,,
373,SANGHVIMOV:EQ,3X,,374,HITECHPLAS,,,,
374,SANOFI:EQ,3X,,375,HMT,,,,
375,SAREGAMA:EQ,3X,,376,HOCL,,,,
376,SBILIFE:EQ,3X,,377,HOTELEELA,,,,
377,SBIN:EQ,12.5X,,378,HOVS,,,,
378,SCHAEFFLER:EQ,3X,,379,HTMEDIA,,,,
379,SCHAND:EQ,3X,,380,HUBTOWN,,,,
380,SCHNEIDER:EQ,3X,,381,IBREALEST,,,,
381,SCI:EQ,3X,,382,IBULISL,,,,
382,SELAN:EQ,3X,,383,IBVENTUREPP,,,,
383,SEQUENT:EQ,3X,,384,IBVENTURES,,,,
384,SHARDAMOTR:EQ,3X,,385,IBVENTURES-E1,,,,
385,SHREECEM:EQ,12.5X,,386,IBWSL,,,,
386,SHRIRAMCIT:EQ,3X,,387,ICIL,,,,
387,SIEMENS:EQ,12.5X,,388,ICSA,,,,
388,SIMPLEXINF:EQ,3X,,389,IFBAGRO,,,,
389,SINTEX:EQ,3X,,390,IGARASHI,,,,
390,SIS:EQ,3X,,391,IGPL,,,,
391,SJVN:EQ,3X,,392,IIFL,,,,
392,SKFINDIA:EQ,3X,,393,IITL,,,,
393,SNOWMAN:EQ,3X,,394,IKFTECH,,,,
394,SOBHA:EQ,3X,,395,IL&FSENGG,,,,
395,SOLARINDS:EQ,3X,,396,IL&FSTRANS,,,,
396,SOUTHBANK:EQ,11X,,397,IMFA,,,,
397,SPARC:EQ,3X,,398,IMPEXFERRO,,,,
398,SPTL:EQ,3X,,399,INDBANK,,,,
399,SREINFRA:EQ,3X,,400,INDCEMCAP,,,,
400,SRF:EQ,5X,,401,INDIAGLYCO,,,,
401,SRTRANSFIN:EQ,11X,,402,INDIANCARD,,,,
402,STAR:EQ,3X,,403,INDIANHUME,,,,
403,STCINDIA:EQ,3X,,404,INDLMETER,,,,
404,STRTECH:EQ,3X,,405,INDNIPPON,,,,
405,SUNDARMFIN:EQ,3X,,406,INDOCO,,,,
406,SUNDRMFAST:EQ,3X,,407,INDOKEM,,,,
407,SUNPHARMA:EQ,9X,,408,INDORAMA,,,,
408,SUNTECK:EQ,3X,,409,INDOSOLAR,,,,
409,SUNTV:EQ,11X,,410,INDOTECH,,,,
410,SUPREMEIND:EQ,3X,,411,INDOTHAI,,,,
411,SUVEN:EQ,3X,,412,INDOWIND,,,,
412,SUZLON:EQ,5X,,413,INDSWFTLAB,,,,
413,SYNDIBANK:EQ,11X,,414,INDSWFTLTD,,,,
414,SYNGENE:EQ,3X,,415,INDTONER,,,,
415,TAKE:EQ,3X,,416,INFINITE,,,,
416,TALWALKARS:EQ,3X,,417,INFODRIVE,,,,
417,TATACHEM:EQ,12.5X,,418,INFOMEDIA,,,,
418,TATACOFFEE:EQ,3X,,419,INGERRAND,,,,
419,TATACOMM:EQ,12.5X,,420,INTEGRAEN,,,,
420,TATAELXSI:EQ,12.5X,,421,INTENTECH,,,,
421,TATAGLOBAL:EQ,12.5X,,422,IOLCP,,,,
422,TATAINVEST:EQ,3X,,423,IPOWER,,,,
423,TATAMOTORS:EQ,3X,,424,ISFT,,,,
424,TATAMTRDVR:EQ,3X,,425,ISMTLTD,,,,
425,TATAPOWER:EQ,12.5X,,426,ISTLTD,,,,
426,TATASPONGE:EQ,3X,,427,ISWLSKMEGGPROD,,,,
427,TATASTEEL:EQ,12.5X,,428,ITDC,,,,
428,TBZ:EQ,3X,,429,ITI,,,,
429,TCI:EQ,3X,,430,ITI,,,,
430,TCS:EQ,12.5X,,431,IVC,,,,
431,TECHM:EQ,12.5X,,432,IVP,,,,
432,TEJASNET:EQ,3X,,433,IVRCLINFRA,,,,
433,TEXMOPIPES:EQ,3X,,434,IZMO,,,,
434,TEXRAIL:EQ,3X,,435,JAGNSPHARM,,,,
435,THERMAX:EQ,3X,,436,JAIBALAJI,,,,
436,THOMASCOOK:EQ,3X,,437,JAIHINDPRO,,,,
437,THYROCARE:EQ,3X,,438,JAYBARMARU,,,,
438,TIFIN:EQ,3X,,439,JAYCH,,,,
439,TIMETECHNO:EQ,3X,,440,JAYNECOIND,,,,
440,TINPLATE:EQ,3X,,441,JBMA,,,,
441,TITAN:EQ,12.5X,,442,JCHAC,,,,
442,TNPETRO:EQ,3X,,443,JENSONICOL,,,,
443,TNPL:EQ,3X,,444,JHS,,,,
444,TORNTPHARM:EQ,12.5X,,445,JIKIND,,,,
445,TORNTPOWER:EQ,12.5X,,446,JINDALPHOT,,,,
446,TRENT:EQ,3X,,447,JINDALPOLY,,,,
447,TRIDENT:EQ,3X,,448,JINDCOT,,,,
448,TRIGYN:EQ,3X,,449,JINDRILL,,,,
449,TRIVENI:EQ,3X,,450,JISLDVREQS,,,,
450,TTKPRESTIG:EQ,3X,,451,JK AGRI,,,,
451,TV18BRDCST:EQ,11X,,452,JKIL,,,,
452,TVSMOTOR:EQ,12.5X,,453,JMA,,,,
453,TWL:EQ,3X,,454,JMTAUTOLTD,,,,
454,UBL:EQ,12.5X,,455,JPASSOCIATE,,,,
455,UCOBANK:EQ,3X,,456,JPINFRATEC,,,,
456,UJJIVAN:EQ,9X,,457,JPOLYINVST,,,,
457,ULTRACEMCO:EQ,12.5X,,458,JPPOWER,,,,
458,UNIONBANK:EQ,11X,,459,JSL,,,,
459,UNIVCABLES:EQ,3X,,460,JUBLINDS,,,,
460,UPL:EQ,12.5X,,461,JVLAGRO,,,,
461,USHAMART:EQ,3X,,462,JYOTIRES,,,,
462,VEDL:EQ,5X,,463,JYOTISTRUC,,,,
463,VGUARD:EQ,12.5X,,464,KABRAEXTRU,,,,
464,VIJAYABANK:EQ,3X,,465,KAKATCEM,,,,
465,VIPCLOTHNG:EQ,3X,,466,KALINDEE,,,,
466,VIPIND:EQ,3X,,467,KAMADHENU,,,,
467,VOLTAS:EQ,12.5X,,468,KAMATHOTEL,,,,
468,VTL:EQ,3X,,469,KANANIIND,,,,
469,WABCOINDIA:EQ,3X,,470,KANORICHEM,,,,
470,WALCHANNAG:EQ,3X,,471,KANPRPLA,,,,
471,WELCORP:EQ,3X,,472,KARMAENG,,,,
472,WELENT:EQ,3X,,473,KARNAVATI,,,,
473,WELSPUNIND:EQ,3X,,474,KATWAUD,,,,
474,WHIRLPOOL:EQ,3X,,475,KAUSHALYA,,,,
475,WINDMACHIN:EQ,3X,,476,KAVVERITEL,,,,
476,WIPRO:EQ,12.5X,,477,KCLINFRA,,,,
477,WOCKPHARMA:EQ,12.5X,,478,KCPSUGIND,,,,
478,WONDERLA:EQ,3X,,479,KDDL,,,,
479,YESBANK:EQ,5X,,480,KECL,,,,
480,ZEEL:EQ,5X,,481,KELLTONTEC,,,,
,,,,482,KEMROCK,,,,
,,,,483,KERALAYUR,,,,
,,,,484,KESARENT,,,,
,,,,485,KESORAMIND,,,,
,,,,486,KEYCORPSER,,,,
,,,,487,KGL,,,,
,,,,488,KHADIM,,,,
,,,,489,KHAICHEM,,,,
,,,,490,KHAITANELE,,,,
,,,,491,KHAITANLTD,,,,
,,,,492,KHANDSE,,,,
,,,,493,KILPEST,,,,
,,,,494,KINETICENG,,,,
,,,,495,KINGFA,,,,
,,,,496,KIOCL,,,,
,,,,497,KIRLOSENG,,,,
,,,,498,KIRLOSIND,,,,
,,,,499,KITEX,,,,
,,,,500,KMSUGAR,,,,
,,,,501,KOHINOOR,,,,
,,,,502,KOKUYOCMLN,,,,
,,,,503,KOLTEPATIL,,,,
,,,,504,KOTARISUG,,,,
,,,,505,KOTHARIPET,,,,
,,,,506,KOTHARIPRO,,,,
,,,,507,KRIDHANINF,,,,
,,,,508,KSERASERA,,,,
,,,,509,KSK,,,,
,,,,510,KTIL,,,,
,,,,511,KUSHAL,,,,
,,,,512,KWALITY,,,,
,,,,513,LAKPRE,,,,
,,,,514,LAKSHMIEFL,,,,
,,,,515,LAMBODHARA,,,,
,,,,516,LANCER,,,,
,,,,517,LASA,,,,
,,,,518,LCCINFOTEC,,,,
,,,,519,LEEL,,,,
,,,,520,LGBBROSLTD,,,,
,,,,521,LICNETFN50,,,,
,,,,522,LINCPEN-EQ,,,,
,,,,523,LINDEINDIA,,,,
,,,,524,LITL,,,,
,,,,525,LML,,,,
,,,,526,LOKESHMACH,,,,
,,,,527,LOTUSEYE,,,,
,,,,528,LPDC,,,,
,,,,529,LUDLOWJUT,,,,
,,,,530,LUMAXAUTO,,,,
,,,,531,LUMAZAUTO,,,,
,,,,532,LUXIND,,,,
,,,,533,LYCOS,,,,
,,,,534,LYKALABS,,,,
,,,,535,LYPSAGEMS,,,,
,,,,536,MAANALU,,,,
,,,,537,MACINTR,,,,
,,,,538,MADHAV,,,,
,,,,539,MADHUCON,,,,
,,,,540,MADRASFERT,,,,
,,,,541,MAGADSUGAR,,,,
,,,,542,MAGNAELQ,,,,
,,,,543,MAGNUM,,,,
,,,,544,MAHABANK,,,,
,,,,545,MAHASTEEL,,,,
,,,,546,MAINFRA,,,,
,,,,547,MAITHANALL,,,,
,,,,548,MAJESAUT,,,,
,,,,549,MALUPAPER,,,,
,,,,550,MANAKALUCO,,,,
,,,,551,MANAKCOAT,,,,
,,,,552,MANAKINDST,,,,
,,,,553,MANAKSTELTD,,,,
,,,,554,MANDHANA,,,,
,,,,555,MANGAKAM,,,,
,,,,556,MANGALAM,,,,
,,,,557,MANGIND,,,,
,,,,558,MANORG,,,,
,,,,559,MANUGRAPH,,,,
,,,,560,MARALOVER,,,,
,,,,561,MARATHON,,,,
,,,,562,MARKSONS,,,,
,,,,563,MATRIMONY:EQ,,,,
,,,,564,MAWANASUG,,,,
,,,,565,MAXINDIA,,,,
,,,,566,MAZDA,,,,
,,,,567,MBECL,,,,
,,,,568,MBLINFRA,,,,
,,,,569,MCDHOLDING,,,,
,,,,570,MEGASOFT,,,,
,,,,571,MENONBE,,,,
,,,,572,MERCATOR,,,,
,,,,573,MERCK,,,,
,,,,574,METALFORGE,,,,
,,,,575,MIC,,,,
,,,,576,MINDTECK,,,,
,,,,577,MIRCELECTR,,,,
,,,,578,MISHKA,,,,
,,,,579,MLKFOOD,,,,
,,,,580,MNKALCOLTD,,,,
,,,,581,MODERN,,,,
,,,,582,MODIRUBBER,,,,
,,,,583,MOHITIND,,,,
,,,,584,MOHOTAIND,,,,
,,,,585,MOLDTECH,,,,
,,,,586,MONNETISPA,,,,
,,,,587,MONOT,,,,
,,,,588,MORARJEE,,,,
,,,,589,MOSCHIP,,,,
,,,,590,MOSERBAER,,,,
,,,,591,MOTOGENFIN,,,,
,,,,592,MRO-TEK,,,,
,,,,593,MSPL,,,,
,,,,594,MTEDUCARE,,,,
,,,,595,MTNL,,,,
,,,,596,MUKANDENGG,,,,
,,,,597,MUKTAARTS,,,,
,,,,598,MUL,,,,
,,,,599,MURUDCERA,,,,
,,,,600,MUTHOOTCAP,,,,
,,,,601,MUTHTFN,,,,
,,,,602,MVL,,,,
,,,,603,MYSOREBANK,,,,
,,,,604,N100,,,,
,,,,605,NACLIND,,,,
,,,,606,NAGAFERT,,,,
,,,,607,NAGREEKCAP,,,,
,,,,608,NAGREEKEXP,,,,
,,,,609,NAHARCAP,,,,
,,,,610,NAHARINDUS,,,,
,,,,611,NAHARPOLY,,,,
,,,,612,NAHARSPING,,,,
,,,,613,NAKODA,,,,
,,,,614,NATHBIOGEN,,,,
,,,,615,NATNLSTEEL,,,,
,,,,616,NATPLAS,,,,
,,,,617,NBIFIN,,,,
,,,,618,NDTV,,,,
,,,,619,NELCAST,,,,
,,,,620,NELCO,,,,
,,,,621,NEOCORP,,,,
,,,,622,NEULANDLAB,,,,
,,,,623,NEXTMEDIA,,,,
,,,,624,NFIL,,,,
,,,,625,NIBL,,,,
,,,,626,NIITLTD,,,,
,,,,627,NILASPACES,,,,
,,,,628,NILE,,,,
,,,,629,NILKAMAL,,,,
,,,,630,NIPPOBATRY,,,,
,,,,631,NIRVIKARA,,,,
,,,,632,NITCO,,,,
,,,,633,NITESHEST,,,,
,,,,634,NITINFIRE,,,,
,,,,635,NKIND,,,,
,,,,636,NOBLEXP,,,,
,,,,637,NOIDA-TOLL,,,,
,,,,638,NRAIL,,,,
,,,,639,NTCIND,,,,
,,,,640,NTL,,,,
,,,,641,NUTRA,,,,
,,,,642,OASIS,,,,
,,,,643,OBIL,,,,
,,,,644,OILCOUNTUB,,,,
,,,,645,OISL,,,,
,,,,646,OKPLA,,,,
,,,,647,OMAXAUTO,,,,
,,,,648,OMKARCHEM,,,,
,,,,649,ONELIFECAP,,,,
,,,,650,ONMOBILE,,,,
,,,,651,ONWARDTEC,,,,
,,,,652,OPTIEMUS,,,,
,,,,653,OPTOCIRCUI,,,,
,,,,654,ORBITCORP,,,,
,,,,655,ORBTEXP,,,,
,,,,656,ORCHIDPHAR,,,,
,,,,657,ORICONENT,,,,
,,,,658,ORIENTABRA,,,,
,,,,659,ORIENTALTL,,,,
,,,,660,ORIENTBELL,,,,
,,,,661,ORIENTHOT,,,,
,,,,662,ORIENTLTD,,,,
,,,,663,ORISSAMINE,,,,
,,,,664,ORTEL,,,,
,,,,665,ORTINLAB,,,,
,,,,666,OUDHSUG,,,,
,,,,667,PALREDTEC,,,,
,,,,668,PANACEABIO,,,,
,,,,669,PANAENERG,,,,
,,,,670,PANAFIC,,,,
,,,,671,PANCHSHEEL,,,,
,,,,672,PANORAMUNI,,,,
,,,,673,PARABDRUGS,,,,
,,,,674,PARACABLES,,,,
,,,,675,PARENTLD,,,,
,,,,676,PARRYSUGAR,,,,
,,,,677,PARSVNATH,,,,
,,,,678,PATSPINLTD,,,,
,,,,679,PBAINFRA,,,,
,,,,680,PDUMJEIND,,,,
,,,,681,PDUMJEPULP,,,,
,,,,682,PEARLPOLY,,,,
,,,,683,PETRONENGG,,,,
,,,,684,PFOCUS,,,,
,,,,685,PGEL,,,,
,,,,686,PINCON,,,,
,,,,687,PINCONLIFE,,,,
,,,,688,PIONDIST,,,,
,,,,689,PIONEEREMB,,,,
,,,,690,PIRPHYTO,,,,
,,,,691,PITTILAM,,,,
,,,,692,PKTEA,,,,
,,,,693,PLASTIBLEN,,,,
,,,,694,PMCFIN,,,,
,,,,695,POCHIRAJU,,,,
,,,,696,POKARNA,,,,
,,,,697,POLARIS,,,,
,,,,698,POLYMED,,,,
,,,,699,PONNIERODE,,,,
,,,,700,POWERMECH,,,,
,,,,701,PRABHAT,,,,
,,,,702,PRADIP,,,,
,,,,703,PRAENG,,,,
,,,,704,PRAKASH,,,,
,,,,705,PRAKASHCON,,,,
,,,,706,PRAKASHSTL,,,,
,,,,707,PRATIBHA,,,,
,,,,708,PRAXIS,,,,
,,,,709,PRECOT,,,,
,,,,710,PRECWIRE,,,,
,,,,711,PREMIER,,,,
,,,,712,PREMIERPOL,,,,
,,,,713,PRIMESECU,,,,
,,,,714,PROVOGE,,,,
,,,,715,PROZONINTU DECOMIC,,,,
,,,,716,PSL,,,,
,,,,717,PUNJABCHEM,,,,
,,,,718,PUNJLLOYD,,,,
,,,,719,PVP,,,,
,,,,720,QUANTBUILD,,,,
,,,,721,RADHEDE,,,,
,,,,722,RAIN,,,,
,,,,723,RAINBOWPAP,,,,
,,,,724,RAIREKMOH,,,,
,,,,725,RAJGLOWIR,,,,
,,,,726,RAJOIL,,,,
,,,,727,RAJRAYON,,,,
,,,,728,RAJSREESUG,,,,
,,,,729,RAJTV,,,,
,,,,730,RAMANEWS,,,,
,,,,731,RAMAPHO,,,,
,,,,732,RAMASTEEL,,,,
,,,,733,RAMCOSYS,,,,
,,,,734,RANASUG,,,,
,,,,735,RANEENGINE,,,,
,,,,736,RASANDIK,,,,
,,,,737,RBL,,,,
,,,,738,RCOM,,,,
,,,,739,REIAGROLTD,,,,
,,,,740,RELIGARE,,,,
,,,,741,REMSONSIND,,,,
,,,,742,RENUKA,,,,
,,,,743,REPRO,,,,
,,,,744,REVATHI,,,,
,,,,745,RISHIROOP,,,,
,,,,746,RJL,,,,
,,,,747,RKDL,,,,
,,,,748,RML,,,,
,,,,749,RNAM,,,,
,,,,750,RNAVAL,,,,
,,,,751,ROHLTD,,,,
,,,,752,ROLLT,,,,
,,,,753,ROLTA,,,,
,,,,754,ROSSELLIND,,,,
,,,,755,ROTO,,,,
,,,,756,RPGLIFE,,,,
,,,,757,RPPINFRA,,,,
,,,,758,RSSOFTWARE,,,,
,,,,759,RSYSTEMS,,,,
,,,,760,RTNINFRA,,,,
,,,,761,RTNPOWER,,,,
,,,,762,RUBYMILL,,,,
,,,,763,RUBYMILLS,,,,
,,,,764,RUCHISOYA,,,,
,,,,765,RUSHIL,,,,
,,,,766,SABEVENTS,,,,
,,,,767,SABTN,,,,
,,,,768,SADHNANIQ,,,,
,,,,769,SAFARIND,,,,
,,,,770,SAGARSOFT,,,,
,,,,771,SAGCEM,,,,
,,,,772,SAHARA,,,,
,,,,773,SAIBABA,,,,
,,,,774,SAKHTISUG,,,,
,,,,775,SAKSOFT,,,,
,,,,776,SAKTHIFIN,,,,
,,,,777,SALONA,,,,
,,,,778,SALORAINTL,,,,
,,,,779,SALSTEEL,,,,
,,,,780,SALZER,,,,
,,,,781,SAMBHAAV,,,,
,,,,782,SAMPRE,,,,
,,,,783,SAMRATPH,,,,
,,,,784,SAMTEL,,,,
,,,,785,SANDESH,,,,
,,,,786,SANGHVIFOR,,,,
,,,,787,SANGUI,,,,
,,,,788,SANKHYAIN,,,,
,,,,789,SANWARIA,,,,
,,,,790,SARDAPLY,,,,
,,,,791,SASKEN,,,,
,,,,792,SATHAISPAT,,,,
,,,,793,SATIN,,,,
,,,,794,SBTL,,,,
,,,,795,SCANPGEOM,,,,
,,,,796,SCAPDVR,,,,
,,,,797,SDBL,,,,
,,,,798,SEASONST,,,,
,,,,799,SEATV,,,,
,,,,800,SEINV,,,,
,,,,801,SELMCL,,,,
,,,,802,SEPOWER,,,,
,,,,803,SERVALL,,,,
,,,,804,SESHAPAPER,,,,
,,,,805,SEYAIND,,,,
,,,,806,SHAHALLOYS,,,,
,,,,807,SHANKARA,,,,
,,,,808,SHARDACROP,,,,
,,,,809,SHARONBIO,,,,
,,,,810,SHARP,,,,
,,,,811,SHBCLQ,,,,
,,,,812,SHEMAROO,,,,
,,,,813,SHERVANI,,,,
,,,,814,SHIVACEM,,,,
,,,,815,SHIVAMILLS,,,,
,,,,816,SHIVTEX,,,,
,,,,817,SHOPERSTOP,,,,
,,,,818,SHREDIGCEM,,,,
,,,,819,SHREEPUSHK,,,,
,,,,820,SHREERAMA,,,,
,,,,821,SHRENUJ,,,,
,,,,822,SHREYANIND,,,,
,,,,823,SHREYAS,,,,
,,,,824,SHRIDINE,,,,
,,,,825,SHRISTI,,,,
,,,,826,SHYAMCENT,,,,
,,,,827,SHYAMTEL,,,,
,,,,828,SICAGEN,,,,
,,,,829,SICAL,,,,
,,,,830,SIGNET,,,,
,,,,831,SILINV,,,,
,,,,832,SIMBHALS,,,,
,,,,833,SIMPLEX,,,,
,,,,834,SINTEXPLAST,,,,
,,,,835,SITASHREE,,,,
,,,,836,SKIL,,,,
,,,,837,SKMEGGPROD,,,,
,,,,838,SKP,,,,
,,,,839,SKYIND,,,,
,,,,840,SMARTLINK,,,,
,,,,841,SMFIL,,,,
,,,,842,SMLISUZU,,,,
,,,,843,SMLISUZU,,,,
,,,,844,SMPL,,,,
,,,,845,SMSLIFE,,,,
,,,,846,SMSPHARMA,,,,
,,,,847,SNTCL,,,,
,,,,848,SOLARA,,,,
,,,,849,SOLISMAR,,,,
,,,,850,SOMATEX,,,,
,,,,851,SOMICONVEY,,,,
,,,,852,SORILHOLD,,,,
,,,,853,SORILINFRA,,,,
,,,,854,SPCENET,,,,
,,,,855,SPECIALITY,,,,
,,,,856,SPENTEX,,,,
,,,,857,SPHEREGSL,,,,
,,,,858,SPICEJET,,,,
,,,,859,SPICEMOBI,,,,
,,,,860,SPLIL,,,,
,,,,861,SPMLINFRA,,,,
,,,,862,SPYL,,,,
,,,,863,SREEL,,,,
,,,,864,SRHHYPOLTD,,,,
,,,,865,SRSLTD,,,,
,,,,866,STAMPEDE,,,,
,,,,867,STARLIT,,,,
,,,,868,STARLOG,,,,
,,,,869,STARPAPER,,,,
,,,,870,STEELXIND,,,,
,,,,871,STEERINTER,,,,
,,,,872,STEL,,,,
,,,,873,STERLINBIO,,,,
,,,,874,STERTOOLS,,,,
,,,,875,STINDIA,,,,
,,,,876,STOREONE,,,,
,,,,877,SUBEX,,,,
,,,,878,SUBROS,,,,
,,,,879,SUCROSA,,,,
,,,,880,SUDAR,,,,
,,,,881,SUDARSCHEM,,,,
,,,,882,SUDTIND-B,,,,
,,,,883,SUJANATWR,,,,
,,,,884,SUJANAUNI,,,,
,,,,885,SUMEETINDS,,,,
,,,,886,SUNDARAM,,,,
,,,,887,SUNDRMBRAK,,,,
,,,,888,SUNILHITEC,,,,
,,,,889,SUPPETRO,,,,
,,,,890,SUPREMEINF,,,,
,,,,891,SUPREMETEX,,,,
,,,,892,SURANAIND,,,,
,,,,893,SURANASOL,,,,
,,,,894,SURATEX,,,,
,,,,895,SURYACHAKRA,,,,
,,,,896,SWANENERGY,,,,
,,,,897,SYNCOM,,,,
,,,,898,SYNCOMF,,,,
,,,,899,TAALENT,,,,
,,,,900,TAINWALCHM,,,,
,,,,901,TALBROAUTO,,,,
,,,,902,TANAA,,,,
,,,,903,TANTIACONS,,,,
,,,,904,TARAJEWELS,,,,
,,,,905,TARAPUR,,,,
,,,,906,TARMAT,,,,
,,,,907,TASTYBITE,,,,
,,,,908,TATAMETALI,,,,
,,,,909,TATASTEEL-E1,,,,
,,,,910,TATASTEELPP,,,,
,,,,911,TATASTLBSL,,,,
,,,,912,TATAYODOGA,,,,
,,,,913,TCIDEVELOP,,,,
,,,,914,TCIEXP,,,,
,,,,915,TCIFINANCE,,,,
,,,,916,TCPLPACK,,,,
,,,,917,TECHNOFAB,,,,
,,,,918,TERASOFT,,,,
,,,,919,TEXINFRA,,,,
,,,,920,TFL,,,,
,,,,921,TGBHOTELS,,,,
,,,,922,THANGAMAYL,,,,
,,,,923,THEMISMED,,,,
,,,,924,THIRUSUGAR,,,,
,,,,925,TI,,,,
,,,,926,TIJARIA,,,,
,,,,927,TIL,,,,
,,,,928,TIMESGTY,,,,
,,,,929,TIPSINDLTD,,,,
,,,,930,TIRUMALCHM,,,,
,,,,931,TPLPLAST,,,,
,,,,932,TREEHOUSE,,,,
,,,,933,TRF,,,,
,,,,934,TRICOM,,,,
,,,,935,TRILOGIC,,,,
,,,,936,TTIL,,,,
,,,,937,TTKHLTCARE,,,,
,,,,938,TTL,,,,
,,,,939,TTML,,,,
,,,,940,TULSI,,,,
,,,,941,TVSELECT,,,,
,,,,942,TVVISION,,,,
,,,,943,UBHOLDINGS,,,,
,,,,944,UCALFUEL,,,,
,,,,945,UGARSUGAR,,,,
,,,,946,UJAAS,,,,
,,,,947,ULTRACAB,,,,
,,,,948,UNIENTER,,,,
,,,,949,UNIPHOS,,,,
,,,,950,UNITECH,,,,
,,,,951,UNITEDTEA,,,,
,,,,952,UNITINT,,,,
,,,,953,UNITY,,,,
,,,,954,UPERGANGES,,,,
,,,,955,URJA,,,,
,,,,956,URJAGLOBA,,,,
,,,,957,USHERAGRO,,,,
,,,,958,UTTAMSTL,,,,
,,,,959,UTTAMSUGAR,,,,
,,,,960,UTTAMVALUE,,,,
,,,,961,UVBOARDS,,,,
,,,,962,UVSL,,,,
,,,,963,V2RETAIL,,,,
,,,,964,VADILALIND,,,,
,,,,965,VAIBHAVGBL,,,,
,,,,966,VALECHAENG,,,,
,,,,967,VALUEIND,,,,
,,,,968,VARDMNPOLY,,,,
,,,,969,VASWANI,,,,
,,,,970,VEDAVAAG,,,,
,,,,971,VEERENERGY,,,,
,,,,972,VENKEYS,,,,
,,,,973,VENTURA,,,,
,,,,974,VENUSREM,,,,
,,,,975,VERTEX,,,,
,,,,976,VESUVIUS,,,,
,,,,977,VETO,,,,
,,,,978,VHL,,,,
,,,,979,VIAANINDUS,,,,
,,,,980,VICEROY,,,,
,,,,981,VIDHIING,,,,
,,,,982,VIJAYTX,,,,
,,,,983,VIJIFIN,,,,
,,,,984,VIJSHAN,,,,
,,,,985,VIKASECO,,,,
,,,,986,VIKASGLOB,,,,
,,,,987,VIKASWSP,,,,
,,,,988,VIMTALABS,,,,
,,,,989,VINATIORGA,,,,
,,,,990,VINDHYATEL,,,,
,,,,991,VIPULLTD,,,,
,,,,992,VISASTEEL,,,,
,,,,993,VISESHINFO,,,,
,,,,994,VISTAPH,,,,
,,,,995,VIVIDHA,,,,
,,,,996,VIVIMEDLAB:EQ,,,,
,,,,997,VKJINFRA,,,,
,,,,998,VLSFINANCE,,,,
,,,,999,VMART,,,,
,,,,1000,VSSL,,,,
,,,,1001,WATERBASE,,,,
,,,,1002,WEBELSOLAR,,,,
,,,,1003,WEIZFOREX,,,,
,,,,1004,WEIZMANIND,,,,
,,,,1005,WELINV,,,,
,,,,1006,WELSYNTEX,,,,
,,,,1007,WENDT,,,,
,,,,1008,WHEELS,,,,
,,,,1009,WILLAMAGOR,,,,
,,,,1010,WPIL,,,,
,,,,1011,WSI,,,,
,,,,1012,XCHANGING,,,,
,,,,1013,XPROINDIA,,,,
,,,,1014,YASHPPR,,,,
,,,,1015,YOGISUNG,,,,
,,,,1016,YUVRAAJHPL,,,,
,,,,1017,ZANDUREALT,,,,
,,,,1018,ZEEMEDIA,,,,
,,,,1019,ZEEMEDIA:EQ,,,,
,,,,1020,ZENITHBIR,,,,
,,,,1021,ZENTEC,,,,
,,,,1022,ZICOM,,,,
,,,,1023,ZODIACLOTH,,,,
,,,,1024,ZODJRDMKJ,,,,
,,,,1025,ZUARI,,,,
,,,,1026,ZUARIGLOB,,,,
,,,,1027,ZYDEN,,,,
,,,,1028,ZYLOG,,,,
,,,,1029,TANLA,,,,
,,,,1030,63MOONS,,,,
,,,,1031,MCLEODRUSS,,,,
,,,,1032,EVEREADY,,,,
,,,,1033,UNIPLY,,,,